,glucose,ac,o2_reverse
0.1,1.3941217347517783,0.0,4.046787758510687
0.2,2.501157739583319,0.0,6.371061137499919
0.30000000000000004,3.6088199427083274,0.0,8.699091706249902
0.4,4.718452601049369,0.0,11.03894500629616
0.5,5.828442143858599,0.0,13.380939613151538
0.6,6.938431686667969,0.0,15.722934220007819
0.7,8.048421233067852,0.0,18.064928848407185
