,glucose,ac,o2_reverse
0.1,1.3941217347517882,0.0,4.046787758510606
0.2,2.501157739583344,0.0,6.371061137500056
0.30000000000000004,3.6088199427083234,0.0,8.69909170624992
0.4,4.716482145833341,0.0,11.02712227500002
0.5,5.868830803549496,0.0,13.623271571296824
0.6,7.120665051569622,0.0,16.81633440941768
0.7,9.783423557457702,5.984433715077604,16.503102464591425
