,kcat,MW,kcat_MW
PDH,607698.8910000001,4079.7264,148.95579541804568
AKGDH,995584.1454,2418.391,411.6721181148954
GAPD,419413.97664,142.13,2950.918009146556
