,kcat_ori,kcat_change,kcat_mw_new,norm_biomass,ori_biomass,new_biomass
PDH,270261.5203,8334311.9436,2042.860507410497,0.8769972144269698,0.8611272105949886,0.8769972144269698
AKGDH,112697.4534,598062.18996,247.29755856683224,0.8769972144269698,0.8674530799119952,0.8767330274072578
GAPD,104400.0,19848315.9312,139649.02505593473,0.8769972144269698,0.8756997366752065,0.8769972144269695
