,kcat_ori,kcat_change,MW,kcat_mw_new,norm_biomass,new_biomass
PDH,270261.5203,1215397.7820000001,4079.7264,297.91159083609136,0.8769972144269698,0.8713763560523554
AKGDH,112697.4534,1991168.2908,2418.391,823.3442362297908,0.8769972144269698,0.8769972144269731
GAPD,104400.0,838827.95328,142.13,5901.836018293112,0.8769972144269698,0.8769972144269731
