,kcat,MW,kcat_MW
PDH,8334311.9436,4079.7264,2042.860507410497
AKGDH,1069544.9998800003,2418.391,442.2547883613527
GAPD,19848315.9312,142.13,139649.02505593473
