,kcat_ori,kcat_change,MW,kcat_mw_new,norm_biomass,new_biomass
KARA1_reverse,5158.034834,5158.034834,216.2761,23.8493057439079,0.8769972144269698,0.6218946631804494
ATPS4rpp,416466.6959,3377415.1356,530.0127,6372.3286925011425,0.8769972144269698,0.8769972144269711
PDH,607698.8910000001,607698.8910000001,4079.7264,148.95579541804568,0.8769972144269698,0.864786412802297
PSERT,5316.62418,14940.000000000002,79.5666,187.7672289629066,0.8769972144269698,0.8769972144269705
AKGDH,995584.1454,995584.1454,2418.391,411.6721181148954,0.8769972144269698,0.8769972144269705
