,kcat,MW,kcat_MW
PDH,8334311.9436,4079.7264,2042.860507410497
AKGDH,598062.18996,2418.391,247.29755856683224
GAPD,19848315.9312,142.13,139649.02505593473
